Theme Name ,Course Id
Art &Craft,32
Art &Craft,44
Art &Craft,51
Art &Craft,58
Art &Craft,63
Art &Craft,67
Art &Craft,73
Art &Craft,78
Art &Craft,79
Art &Craft,80
Art &Craft,93
Art &Craft,104
Art &Craft,117
Art &Craft,133
Art &Craft,140
Art &Craft,143
Art &Craft,167
Art &Craft,168
Art &Craft,169
Art &Craft,172
Art &Craft,173
Art &Craft,188
Art &Craft,290
Artificial Intelligence,354
Artificial Intelligence,409
Artificial Intelligence,410
Artificial Intelligence,411
Basic Math,464
Basic Math,468
Basic Math,469
Basic Math,470
Coding,48
Coding,53
Coding,61
Coding,68
Coding,155
Coding,161
Coding,171
Coding,176
Coding,181
Coding,190
Coding,191
Coding,330
Coding,345
Coding,352
Coding,369
Coding,370
Coding,378
Coding,380
Coding,381
Coding,383
Coding,384
Coding,385
Coding,391
Coding,400
Creative Math and Science,477
Creative Math and Science,482
Creative Math and Science,483
Creative Math and Science,484
Creative Math and Science,498
Creative Math and Science,501
Creative Science,474
Creative Science,475
Creative Science,476
Creative Science,477
Creative Science,478
Creative Science,481
Dance,321
Dance,322
Dance,328
Dance,376
Dance,382
Dance,432
Dance,440
Dance,441
Dance,442
Dance,446
Dance,447
Dance,448
Dance,450
Dance,451
Dance,452
Dance,453
Dance,454
Dance,455
Dance,456
Dance,458
Dance,462
Dance,466
Dance,472
Dance,473
Electronics,193
Electronics,202
Electronics,203
Electronics,214
Electronics,221
Electronics,237
Electronics,248
Electronics,288
Digital Banking,87
Digital Banking,88
Digital Banking,89
Digital Banking,279
Digital Banking,301
Digital Banking,329
Digital Banking,341
Digital Banking,346
Digital Banking,351
Digital Banking,363
Digital Banking,379
Language & Communication,20
Language & Communication,21
Language & Communication,22
Language & Communication,26
Language & Communication,31
Language & Communication,54
Language & Communication,94
Language & Communication,103
Language & Communication,128
Language & Communication,148
Language & Communication,152
Language & Communication,174
Language & Communication,185
Language & Communication,217
Language & Communication,234
Language & Communication,304
Language & Communication,334
Language & Communication,343
Language & Communication,392
Language & Communication,397
Language & Communication,398
Language & Communication,399
Language & Communication,401
Language & Communication,404
Language &Life Skills,457
Language &Life Skills,459
Language &Life Skills,460
Language &Life Skills,461
Language &Life Skills,463
Language &Life Skills,465
Language &Life Skills,467
Language &Life Skills,471
Life Science,153
Life Science,159
Life Science,180
Life Science,186
Life Science,230
Life Science,231
Life Science,252
Life Science,278
Life Science,333
Life Science,337
Life Science,347
Life Science,353
Life Science,362
Life Science,373
Life Science,386
Life Science,387
Life Science,412
Life Science,413
Life Skills,62
Life Skills,75
Life Skills,91
Life Skills,92
Life Skills,111
Life Skills,120
Life Skills,139
Life Skills,163
Life Skills,175
Life Skills,182
Life Skills,187
Life Skills,208
Life Skills,224
Life Skills,244
Life Skills,277
Life Skills,291
Life Skills,312
Life Skills,339
Life Skills,342
Life Skills,393
Life Skills,394
Life Skills,395
Life Skills,396
Life Skills,402
Math,17
Math,19
Math,39
Math,41
Math,49
Math,56
Math,70
Math,81
Math,102
Math,116
Math,154
Math,160
Math,184
Math,205
Math,225
Math,247
Math,300
Math,314
Math,335
Math,403
Math,405
Math,406
Math,407
Math,408
Music,35
Music,36
Music,37
Music,38
Music,42
Music,127
Music,130
Music,136
Music,282
Music,284
Music,285
Music,316
Music,317
Music,324
Music,325
Music,416
STEM,23
STEM,24
STEM,50
STEM,64
STEM,66
STEM,71
STEM,72
STEM,74
STEM,76
STEM,95
STEM,96
STEM,100
STEM,101
STEM,112
STEM,165
STEM,189
STEM,200
STEM,201
STEM,207
STEM,267
STEM,270
STEM,271
STEM,272
STEM,305
Yoga,204
Yoga,249
Yoga,275
Yoga,276
Yoga,293
Yoga,294
Yoga,308
Yoga,309
Yoga,318
Yoga,320
Yoga,421
Yoga,422
Yoga,424
Yoga,425
Yoga,426
Yoga,428